\c cs068_079_080

INSERT INTO USERS VALUES('1QWE2345','ANIRUDH',18,'anirudhdkash@gmail.com');
INSERT INTO USERS VALUES('2ZXC5432','ANKITA',20,'ankitavasu@gmail.com');
INSERT INTO USERS VALUES('7YUI3765','APOORVA',23,'apoorvab@gmail.com');
INSERT INTO USERS VALUES('1FGH6539','ANVIKA',31,'anvikas@gmail.com');
INSERT INTO USERS VALUES('8GRF4377','RAHUL',54,'rahulmehta@gmail.com');
INSERT INTO USERS VALUES('9EDC3145','MAYA',17,'mayagopalan@gmail.com');
INSERT INTO USERS VALUES('3RFP5564','BHARATH',69,'bharathpan@gmail.com');
INSERT INTO USERS VALUES('7DXK8945','KALYANAM',81,'kalyanamseshu@gmail.com');

INSERT into SCREEN values ('1D','PREMIUM');
INSERT into SCREEN values ('5C','VIP');
INSERT into SCREEN values ('1A','ECONOMY');
INSERT into SCREEN values ('4C','VIP');
INSERT into SCREEN values ('3B','ECONOMY');
INSERT into SCREEN values ('7S','PREMIUM');
INSERT into SCREEN values ('6A','PREMIUM');
INSERT into SCREEN values ('3A','ECONOMY');

INSERT into MOVIES values ('JUM345', 'JUMANJI', '2021-09-10', 'FANTASY');
INSERT into MOVIES values ('UP2134', 'UP', '2021-09-20', 'ANIMATED');
INSERT into MOVIES values ('LIO897', 'LIONKING', '2021-09-12', 'ANIMATED');
INSERT into MOVIES values ('RUS332', 'RUSHHOUR', '2021-09-18', 'COMEDY');
INSERT into MOVIES values ('NUN444', 'NUN', '2021-09-14', 'HORROR');
INSERT into MOVIES values ('TEN976', 'TENET', '2021-09-16', 'ACTION');
INSERT into MOVIES values ('PAR866', 'PARASITE', '2021-09-18', 'THRILLER');
INSERT into MOVIES values ('CHO117', 'CHOPSTICKS', '2021-09-22', 'COMEDY');

INSERT into SHOW values('AKL123I', 1500, '2021-09-10','1D','JUM345');
INSERT into SHOW values('GHJ5OOC', 1700, '2021-09-12','5C','UP2134');
INSERT into SHOW values('IKLD23Q', 1900, '2021-09-14','1A','LIO897');
INSERT into SHOW values('HJK2217', 2100, '2021-09-16','4C','RUS332');
INSERT into SHOW values('CVNB09Z', 0500, '2021-09-18','3B','NUN444');
INSERT into SHOW values('SD67FRT', 0700, '2021-09-20','7S','TEN976');
INSERT into SHOW values('UI77PLM', 0900, '2021-09-22','6A','PAR866');
INSERT into SHOW values('WTTYH89', 1100, '2021-09-24','3A','CHO117');

INSERT into BOOKING values ('1QWE2675',5,1000,'1QWE2345','AKL123I');
INSERT into BOOKING values ('JPN50080',3,900,'2ZXC5432','GHJ5OOC');
INSERT into BOOKING values ('BSK60106',2,800,'7YUI3765','IKLD23Q');
INSERT into BOOKING values ('KRP15060',3,600,'1FGH6539','HJK2217');
INSERT into BOOKING values ('BTM36080',1,400,'8GRF4377','CVNB09Z');
INSERT into BOOKING values ('JPN50304',4,1600,'9EDC3145','SD67FRT');
INSERT into BOOKING values ('RRN87426',3,900,'3RFP5564','UI77PLM');
INSERT into BOOKING values ('MGR48769',2,400,'7DXK8945','WTTYH89');

INSERT into TICKET values ('BSK60116',400,'VIP','1QWE2675' );
INSERT into TICKET values ('HSR26110',200,'ECONOMY','JPN50080');
INSERT into TICKET values ('KRP15560',200,'ECONOMY','BSK60106');
INSERT into TICKET values ('JPN59980',300,'PREMIUM','KRP15060');
INSERT into TICKET values ('JPN56604',400,'VIP','BTM36080');
INSERT into TICKET values ('MGR99769',300,'PREMIUM','JPN50304');
INSERT into TICKET values ('JPN577304',400,'VIP','RRN87426');
INSERT into TICKET values ('BSK60011',200,'ECONOMY','MGR48769');

INSERT INTO LANGUAGES VALUES('01','ENGLISH', 'JUM345');
INSERT INTO LANGUAGES VALUES('02','HINDI', 'LIO897');
INSERT INTO LANGUAGES VALUES('03','KANNADA', 'NUN444');
INSERT INTO LANGUAGES VALUES('04','TAMIL', 'PAR866');
INSERT INTO LANGUAGES VALUES('05','MALAYALAM', 'CHO117');
INSERT INTO LANGUAGES VALUES('06','TELUGU', 'UP2134');
INSERT INTO LANGUAGES VALUES('07','JAPANESE', 'RUS332');
INSERT INTO LANGUAGES VALUES('08','SPANISH', 'TEN976');

INSERT INTO THEATRE VALUES('ZX123','SRINIVAS THEATRE',3,'JUM345'); 
INSERT INTO THEATRE VALUES('HJ568','INOX MOVIES',7,'RUS332');
INSERT INTO THEATRE VALUES('WE614','CINEPOLIS',5,'PAR866');
INSERT INTO THEATRE VALUES('PO631','PVR',6,'TEN976');
INSERT INTO THEATRE VALUES('BN486','HALLMARK',2,'NUN444');
INSERT INTO THEATRE VALUES('DF835','ETA MALL',3,'LIO897');
INSERT INTO THEATRE VALUES('XC752','REX THEATRE',4,'TEN976');
INSERT INTO THEATRE VALUES('IU098','SUPER THEATRE',1,'UP2134');

INSERT INTO REGION VALUES('TOKYO','234567',74,'HJ568');
INSERT INTO REGION VALUES('BANGALORE','560011',48,'PO631');
INSERT INTO REGION VALUES('MYSORE','570068',17,'HJ568');
INSERT INTO REGION VALUES('DELHI','110001',99,'BN486');
INSERT INTO REGION VALUES('MUMBAI','400002',150,'XC752');
INSERT INTO REGION VALUES('RAYLEIGH','863574',21,'WE614');
INSERT INTO REGION VALUES('DUSSELDORF','448822',13,'ZX123');
INSERT INTO REGION VALUES('MADRID','908060',16,'WE614');

INSERT into MAKE_BOOKING values ('CREDITCARD','1QWE2345','1QWE2675');
INSERT into MAKE_BOOKING values ('CREDITCARD','2ZXC5432','JPN50080');
INSERT into MAKE_BOOKING values ('DEBITCARD','7YUI3765', 'BSK60106');
INSERT into MAKE_BOOKING values ('CREDITCARD','1FGH6539','KRP15060');
INSERT into MAKE_BOOKING values ('DEBITCARD','8GRF4377', 'BTM36080');
INSERT into MAKE_BOOKING values ('NETBANKING','9EDC3145','JPN50304');
INSERT into MAKE_BOOKING values ('NETBANKING','3RFP5564','MGR48769');
INSERT into MAKE_BOOKING values ('NETBANKING','7DXK8945','RRN87426');







	
